City_ID,City,Country,Lat,Lng,Max Temp,Humidity,Cloudiness,Wind Speed,Description
0,Mount Pleasant,US,32.7941,-79.8626,74.05,92,40,8.01,scattered clouds
1,Paamiut,GL,61.994,-49.6678,36.79,78,100,17.65,overcast clouds
2,Lagoa,PT,39.05,-27.9833,67.78,70,28,7.07,scattered clouds
3,Hobart,AU,-42.8794,147.3294,60.26,85,90,1.99,overcast clouds
4,Talara,PE,-4.5772,-81.2719,65.16,82,20,18.41,few clouds
5,North Branford,US,41.3276,-72.7673,66.72,81,40,1.99,scattered clouds
6,Port Alfred,ZA,-33.5906,26.891,64.51,85,100,20.69,light rain
7,Arraial Do Cabo,BR,-22.9661,-42.0278,75.16,60,20,3.44,few clouds
8,Airai,TL,-8.9266,125.4092,64.67,82,39,1.86,scattered clouds
9,Ribeira Grande,PT,38.5167,-28.7,72.0,78,20,5.75,few clouds
10,Mataura,NZ,-46.1927,168.8643,43.74,93,100,1.79,overcast clouds
11,San Patricio,US,28.017,-97.5169,75.06,91,50,5.1,scattered clouds
12,Beringovskiy,RU,63.05,179.3167,18.7,88,100,16.96,overcast clouds
13,Noumea,NC,-22.2763,166.4572,75.99,99,17,3.44,few clouds
14,Rikitea,PF,-23.1203,-134.9692,73.78,80,100,24.32,overcast clouds
15,Vila Velha,BR,-20.3297,-40.2925,75.15,69,75,6.91,broken clouds
16,Punta Arenas,CL,-53.15,-70.9167,46.51,53,75,23.02,broken clouds
17,Kaitangata,NZ,-46.2817,169.8464,45.3,95,100,3.36,overcast clouds
18,Cap Malheureux,MU,-19.9842,57.6142,79.29,74,71,4.0,broken clouds
19,Goderich,CA,43.7501,-81.7165,45.91,87,100,5.75,overcast clouds
20,Albany,US,42.6001,-73.9662,60.46,85,100,9.37,overcast clouds
21,Tasiilaq,GL,65.6145,-37.6368,35.76,83,100,5.21,light rain
22,Ushuaia,AR,-54.8,-68.3,46.06,46,75,21.85,broken clouds
23,Solnechnyy,RU,50.7214,136.6319,27.14,89,20,5.01,few clouds
24,College,US,64.8569,-147.8028,25.59,89,20,3.44,few clouds
25,Fortuna,US,40.5982,-124.1573,55.74,70,20,4.0,few clouds
26,Dunedin,NZ,-45.8742,170.5036,52.81,83,100,5.01,overcast clouds
27,Flinders,AU,-34.5833,150.8552,65.21,82,5,1.01,clear sky
28,Thompson,CA,55.7435,-97.8558,26.76,100,90,5.75,mist
29,Hermanus,ZA,-34.4187,19.2345,70.81,65,97,28.63,overcast clouds
30,Nizwa,OM,22.9333,57.5333,91.11,25,0,9.84,clear sky
31,Esperance,AU,-33.8667,121.9,53.44,68,63,8.88,broken clouds
32,Shubarkuduk,KZ,49.1447,56.4872,55.04,40,100,18.45,overcast clouds
33,Geraldton,AU,-28.7667,114.6,64.81,77,0,16.11,clear sky
34,Palmas Bellas,PA,9.2319,-80.0867,79.25,84,100,3.09,overcast clouds
35,Castro,BR,-24.7911,-50.0119,66.42,55,0,4.16,clear sky
36,Buraydah,SA,26.326,43.975,93.65,11,0,3.22,clear sky
37,Faanui,PF,-16.4833,-151.75,78.15,80,0,7.2,light rain
38,Valparaiso,CL,-33.0393,-71.6273,58.48,84,75,3.44,broken clouds
39,Puerto Ayora,EC,-0.7393,-90.3518,69.85,85,98,8.08,overcast clouds
40,Asau,RO,46.4333,26.4,63.95,51,100,10.13,overcast clouds
41,Bluff,NZ,-46.6,168.3333,49.98,84,100,2.28,overcast clouds
42,Yarada,IN,17.65,83.2667,79.12,94,90,4.61,overcast clouds
43,Barao De Melgaco,BR,-16.1944,-55.9675,90.12,38,5,6.11,clear sky
44,Busselton,AU,-33.65,115.3333,54.09,74,5,8.97,clear sky
45,La Ronge,CA,55.1001,-105.2842,28.65,86,20,3.44,few clouds
46,Atuona,PF,-9.8,-139.0333,77.83,76,30,19.55,light rain
47,Sal Rei,CV,16.1833,-22.9167,88.0,55,0,20.71,clear sky
48,Bambous Virieux,MU,-20.3428,57.7575,79.05,73,75,13.8,broken clouds
49,Naurskaya,RU,43.6519,45.3133,67.14,37,0,4.52,clear sky
50,Umm Lajj,SA,25.0213,37.2685,83.73,62,0,16.33,clear sky
51,Nuuk,GL,64.1835,-51.7216,32.61,55,1,33.38,sand
52,Hervey Bay,AU,-25.2986,152.8535,76.03,86,19,13.91,few clouds
53,Ixtapa,MX,20.7,-105.2,80.22,94,20,3.44,few clouds
54,Clyde River,CA,70.4692,-68.5914,23.23,80,90,5.75,overcast clouds
55,Rosarito,MX,32.3333,-117.0333,61.75,85,1,6.62,clear sky
56,Dikson,RU,73.5069,80.5464,18.99,78,100,11.34,overcast clouds
57,Qaanaaq,GL,77.484,-69.3632,-2.42,71,0,9.06,clear sky
58,Hilo,US,19.7297,-155.09,72.63,82,75,6.91,broken clouds
59,Jamestown,US,42.097,-79.2353,49.08,89,90,4.0,overcast clouds
60,Balclutha,NZ,-46.2339,169.75,43.27,99,100,1.59,overcast clouds
61,Barrow,US,71.2906,-156.7887,26.62,93,90,0.0,light snow
62,Aksay,RU,47.26,39.87,68.25,51,6,15.99,clear sky
63,Yellowknife,CA,62.456,-114.3525,37.42,91,1,11.5,clear sky
64,Kodiak,US,57.79,-152.4072,39.9,70,100,20.69,overcast clouds
65,Longyearbyen,SJ,78.2186,15.6401,19.24,79,75,11.5,broken clouds
66,Torbay,CA,47.6666,-52.7314,48.58,73,20,14.97,very heavy rain
67,Chilca,PE,-12.5211,-76.7372,65.61,81,100,6.51,overcast clouds
68,Lodja,CD,-3.4833,23.4333,84.72,54,100,1.88,overcast clouds
69,Owando,CG,-0.4819,15.8999,84.7,63,85,1.9,light rain
70,Hay River,CA,60.8156,-115.7999,33.78,75,40,5.75,scattered clouds
71,Zhezkazgan,KZ,47.8043,67.7144,36.52,94,100,21.65,overcast clouds
72,Berdigestyakh,RU,62.0989,126.6992,28.94,94,100,6.42,overcast clouds
73,Butaritari,KI,3.0707,172.7902,82.38,79,19,16.71,light rain
74,Luderitz,NA,-26.6481,15.1594,63.59,67,0,14.25,clear sky
75,New Norfolk,AU,-42.7826,147.0587,59.9,67,100,2.1,light rain
76,Hithadhoo,MV,-0.6,73.0833,82.24,73,21,10.4,few clouds
77,San Quintin,MX,30.4833,-115.95,61.66,88,6,9.28,clear sky
78,Turukhansk,RU,65.8167,87.9833,36.59,89,100,11.61,light rain
79,Aginskoye,RU,51.1,114.53,36.18,59,0,3.33,clear sky
80,Valdez,EC,1.2492,-78.9831,77.25,83,99,4.32,overcast clouds
81,Cape Town,ZA,-33.9258,18.4232,65.1,66,75,10.0,light rain
82,Muroran,JP,42.3172,140.9881,47.28,70,19,12.64,few clouds
83,Khatanga,RU,71.9667,102.5,8.38,93,100,7.38,overcast clouds
84,Imbituba,BR,-28.24,-48.6703,77.83,58,0,6.11,clear sky
85,Chuy,UY,-33.6971,-53.4616,67.19,58,4,1.52,clear sky
86,Bolgatanga,GH,10.7856,-0.8514,98.76,32,13,4.05,few clouds
87,Codrington,AU,-38.2667,141.9667,53.38,90,100,9.4,overcast clouds
88,Nikolskoye,RU,59.7035,30.7861,47.88,65,100,18.32,light rain
89,Saint-Philippe,RE,-21.3585,55.7679,81.48,80,81,4.94,light rain
90,Yei,SS,4.095,30.6779,81.68,65,83,1.95,light rain
91,Durban,ZA,-29.8579,31.0292,93.92,35,100,12.8,overcast clouds
92,Nasirabad,IN,26.3,74.7333,77.67,47,0,6.67,clear sky
93,Salinas,US,36.6777,-121.6555,62.53,88,90,17.27,overcast clouds
94,Pinega,RU,64.7001,43.3936,32.52,97,100,9.89,snow
95,Haines Junction,CA,60.7522,-137.5108,30.15,93,100,1.14,overcast clouds
96,Salamiyah,SY,35.0113,37.0532,79.09,25,4,0.6,clear sky
97,Khani,GE,41.9563,42.9566,67.57,58,0,0.89,clear sky
98,Alamogordo,US,32.8995,-105.9603,63.01,52,1,5.75,clear sky
99,Xuddur,SO,4.1213,43.8894,79.59,62,65,5.97,light rain
100,Coihaique,CL,-45.5752,-72.0662,48.15,49,40,9.22,scattered clouds
101,Lasa,IT,46.6166,10.7002,62.02,54,39,2.1,scattered clouds
102,Labrea,BR,-7.2586,-64.7981,84.87,65,100,3.85,overcast clouds
103,Saskylakh,RU,71.9167,114.0833,-5.69,100,99,1.68,overcast clouds
104,Husavik,IS,66.0449,-17.3389,31.91,65,100,8.66,overcast clouds
105,Hasaki,JP,35.7333,140.8333,52.29,87,100,27.56,overcast clouds
106,Bowen,AU,-20.0167,148.2333,77.79,82,58,8.81,broken clouds
107,Padang,ID,-0.9492,100.3543,78.85,85,100,4.07,light rain
108,Sinnamary,GF,5.3833,-52.95,83.08,75,100,9.8,overcast clouds
109,Yaan,NG,7.3833,8.5667,83.14,69,90,4.79,overcast clouds
110,Nouadhibou,MR,20.931,-17.0347,80.58,61,5,10.36,clear sky
111,Seoul,KR,37.5683,126.9778,53.04,57,0,5.75,clear sky
112,Roma,US,43.2128,-75.4557,53.96,94,90,14.97,mist
113,Juneau,US,58.3019,-134.4197,46.09,97,90,0.0,fog
114,Tiznit,MA,29.5833,-9.5,78.4,37,0,8.86,clear sky
115,Ponta Do Sol,PT,32.6667,-17.1,73.71,70,86,6.6,overcast clouds
116,Gushikawa,JP,26.3544,127.8686,72.63,57,90,11.5,overcast clouds
117,Mabopane,ZA,-25.4977,28.1007,79.66,20,14,18.41,few clouds
118,Buala,SB,-8.145,159.5921,80.69,80,95,6.96,light rain
119,Meulaboh,ID,4.1363,96.1285,77.29,89,100,8.03,overcast clouds
120,Las Palmas,ES,28.4204,-14.0131,72.39,60,75,12.66,broken clouds
121,Nehe,CN,48.4833,124.8333,40.17,63,9,7.2,clear sky
122,Dingle,PH,10.9995,122.6711,75.52,94,100,7.81,overcast clouds
123,Leningradskiy,RU,69.3833,178.4167,6.46,85,100,8.57,overcast clouds
124,Saldanha,ZA,-33.0117,17.9442,64.45,66,100,23.58,overcast clouds
125,Kapaa,US,22.0752,-159.319,75.52,93,90,8.05,light rain
126,Cowansville,CA,45.2001,-72.7491,58.39,95,100,12.66,light rain
127,Christchurch,NZ,-43.5333,172.6333,52.92,78,100,1.01,overcast clouds
128,Ilinge,ZA,-31.9768,27.0427,73.9,20,95,23.78,overcast clouds
129,Aktash,RU,50.3,87.7333,25.77,73,100,3.09,overcast clouds
130,Georgetown,MY,5.4112,100.3354,84.15,80,20,5.75,few clouds
131,Nantucket,US,41.2835,-70.0995,68.97,88,100,25.66,overcast clouds
132,Lata,PT,40.1629,-8.3327,71.35,34,0,8.57,clear sky
133,Severo-Kurilsk,RU,50.6789,156.125,38.23,73,33,10.04,scattered clouds
134,North Bend,US,43.4065,-124.2243,53.85,97,90,9.22,overcast clouds
135,East London,ZA,-33.0153,27.9116,67.14,82,20,17.27,few clouds
136,Obo,CF,5.3998,26.4869,82.83,66,96,3.29,light rain
137,Port-Gentil,GA,-0.7193,8.7815,85.96,70,40,14.97,scattered clouds
138,Nautla,MX,20.2167,-96.7833,74.1,89,100,8.37,overcast clouds
139,Tiksi,RU,71.6872,128.8694,4.37,97,100,2.93,overcast clouds
140,Lazaro Cardenas,MX,17.9583,-102.2,77.9,86,100,3.96,overcast clouds
141,Ramotswa,BW,-24.8716,25.8699,83.82,20,51,17.27,broken clouds
142,Morondava,MG,-20.2833,44.2833,76.84,63,6,12.88,clear sky
143,Taksimo,RU,56.3444,114.8794,30.52,82,23,2.15,few clouds
144,Nanortalik,GL,60.1432,-45.2371,39.42,97,100,3.44,moderate rain
145,Kinablangan,PH,7.6947,126.5503,78.91,84,97,4.18,overcast clouds
146,Tuktoyaktuk,CA,69.4541,-133.0374,24.8,100,1,5.75,clear sky
147,Mar Del Plata,AR,-38.0023,-57.5575,60.1,96,90,3.0,overcast clouds
148,Hambantota,LK,6.1241,81.1185,79.14,94,40,3.44,scattered clouds
149,Disna,BY,55.568,28.1971,46.36,67,74,22.37,broken clouds
150,Ponedera,CO,10.641,-74.7503,78.94,85,11,7.34,few clouds
151,Talaya,RU,61.3833,152.75,-8.75,85,100,0.51,overcast clouds
152,Natal,BR,-5.795,-35.2094,86.65,70,75,12.66,broken clouds
153,Kilindoni,TZ,-7.9139,39.6668,79.92,73,43,11.97,scattered clouds
154,Cabo San Lucas,MX,22.8909,-109.9124,77.5,86,0,10.04,clear sky
155,Vaini,TO,-21.2,-175.2,69.96,94,20,10.36,few clouds
156,Vanimo,PG,-2.6741,141.3028,77.94,85,100,4.63,overcast clouds
157,Winslow,US,35.0242,-110.6974,42.98,49,1,6.91,clear sky
158,Peleduy,RU,59.6289,112.7406,36.27,83,68,8.19,broken clouds
159,Isangel,VU,-19.55,169.2667,76.51,83,98,3.06,overcast clouds
160,Kholtoson,RU,50.2981,103.3097,31.39,56,0,3.4,clear sky
161,Wewak,PG,-3.5534,143.6268,78.22,85,98,4.7,overcast clouds
162,Chokurdakh,RU,70.6333,147.9167,-17.01,100,88,2.42,overcast clouds
163,Sao Filipe,CV,14.8961,-24.4956,83.62,58,1,5.86,clear sky
164,Kluang,MY,2.0251,103.3328,73.13,91,100,1.59,light rain
165,Pevek,RU,69.7008,170.3133,13.24,93,100,9.28,light snow
166,Taicheng,CN,38.731,113.228,41.07,51,92,3.76,overcast clouds
167,Watrous,CA,51.6668,-105.4679,20.98,93,0,5.75,clear sky
168,Erzin,TR,36.9559,36.2,86.52,24,0,3.8,clear sky
169,Zhanakorgan,KZ,43.9098,67.2495,45.03,36,100,5.7,overcast clouds
170,Chicama,PE,-7.8447,-79.1469,57.74,83,98,6.04,overcast clouds
171,Shinjo,JP,38.7586,140.3008,44.26,90,65,1.21,broken clouds
172,Honiara,SB,-9.4333,159.95,77.76,85,67,5.68,broken clouds
173,Inhambane,MZ,-23.865,35.3833,78.78,61,20,20.71,few clouds
174,San Vicente,AR,-26.6167,-54.1333,76.32,40,0,3.87,clear sky
175,Sarangani,PH,5.4033,125.4636,82.49,77,100,7.83,overcast clouds
176,Ostrovnoy,RU,68.0531,39.5131,35.64,73,100,27.0,overcast clouds
177,Aykhal,RU,66.0,111.5,29.25,88,100,17.43,overcast clouds
178,Harrisonburg,US,38.4496,-78.8689,59.99,74,1,4.61,clear sky
179,Upernavik,GL,72.7868,-56.1549,18.0,93,100,10.71,overcast clouds
180,Nizhnevartovsk,RU,60.9344,76.5531,32.02,100,75,13.42,light snow
181,San Luis,AR,-33.295,-66.3356,71.62,37,0,0.78,clear sky
182,Carnarvon,AU,-24.8667,113.6333,69.87,73,0,21.85,clear sky
183,Narasannapeta,IN,18.4167,84.05,79.99,81,86,6.33,overcast clouds
184,Victoria,HK,22.2855,114.1577,67.32,76,100,1.99,overcast clouds
185,Yulara,AU,-25.2406,130.9889,80.44,17,0,10.36,clear sky
186,Salamanca,ES,40.8333,-6.0,61.0,46,0,15.84,clear sky
187,Narsaq,GL,60.9167,-46.05,34.02,86,100,2.17,overcast clouds
188,Teya,RU,60.3778,92.6267,44.29,66,100,12.97,overcast clouds
189,Brae,GB,60.3964,-1.353,46.31,58,68,21.36,broken clouds
190,Metaxades,GR,41.4204,26.225,68.38,50,0,8.59,clear sky
191,Suntar,RU,62.1444,117.6319,36.39,89,100,6.82,overcast clouds
192,Gorontalo,ID,0.5412,123.0595,76.91,90,100,3.13,overcast clouds
193,Anloga,GH,5.7947,0.8973,89.82,73,100,11.86,overcast clouds
194,Lorengau,PG,-2.0226,147.2712,81.39,74,100,9.01,overcast clouds
195,Provideniya,RU,64.3833,-173.3,25.2,68,100,13.0,overcast clouds
196,Walvis Bay,NA,-22.9575,14.5053,72.55,43,0,11.5,clear sky
197,Ust-Maya,RU,60.4167,134.5333,28.76,94,100,6.11,overcast clouds
198,Nortelandia,BR,-14.4547,-56.8028,90.43,51,76,5.73,broken clouds
199,Havelock,US,34.8791,-76.9013,76.95,83,90,5.99,overcast clouds
200,Hope,US,33.6671,-93.5916,54.99,63,100,4.61,overcast clouds
201,Korla,CN,41.7597,86.1469,61.34,21,100,19.84,overcast clouds
202,Amuntai,ID,-2.4177,115.2494,76.08,95,93,2.21,overcast clouds
203,Udachnyy,RU,66.4167,112.4,27.19,92,100,7.36,overcast clouds
204,Broken Hill,AU,-31.95,141.4333,73.11,27,4,17.27,clear sky
205,Lormi,IN,22.2833,81.7333,72.54,60,0,5.44,clear sky
206,Cidreira,BR,-30.1811,-50.2056,70.21,63,0,3.71,clear sky
207,Mahebourg,MU,-20.4081,57.7,79.09,73,75,13.8,broken clouds
208,Flin Flon,CA,54.7682,-101.865,24.64,93,90,6.91,light snow
209,Avarua,CK,-21.2078,-159.775,69.85,64,75,4.61,broken clouds
210,Gizo,SB,-8.103,156.8419,79.63,80,99,3.74,overcast clouds
211,Lebu,CL,-37.6167,-73.65,51.71,66,99,16.04,overcast clouds
212,Paita,PE,-5.0892,-81.1144,64.96,84,64,10.49,broken clouds
213,Barentu,ER,15.1139,37.5928,93.51,16,19,5.95,few clouds
214,Saint-Georges,GD,12.0564,-61.7485,85.68,74,20,21.85,few clouds
215,Cockburn Town,TC,21.4612,-71.1419,83.35,75,16,17.0,few clouds
216,Takoradi,GH,4.8845,-1.7554,82.09,76,99,9.91,light rain
217,Tibacuy,CO,4.3511,-72.4564,78.28,82,88,5.3,overcast clouds
218,Banes,CU,20.9625,-75.7186,81.21,81,55,2.66,broken clouds
219,Saint George,US,37.1041,-113.5841,64.35,66,1,4.61,clear sky
220,Atar,MR,20.5169,-13.0499,92.39,12,6,13.31,clear sky
221,Tual,ID,-5.6667,132.75,83.35,70,100,2.06,overcast clouds
222,Touros,BR,-5.1989,-35.4608,86.9,64,79,13.11,broken clouds
223,Moyale,KE,3.5167,39.0584,80.02,43,80,9.84,broken clouds
224,Soligalich,RU,59.0778,42.2864,48.58,67,100,11.32,light rain
225,Talnakh,RU,69.4865,88.3972,13.59,96,100,4.54,overcast clouds
226,Kieta,PG,-6.2167,155.6333,77.59,84,100,2.71,overcast clouds
227,Belaya Gora,RU,68.5333,146.4167,-10.95,94,86,1.43,overcast clouds
228,Toora-Khem,RU,52.4675,96.11,34.32,46,5,0.65,clear sky
229,Nishihara,JP,26.1842,127.7558,72.68,58,90,10.36,overcast clouds
230,Komsomolskiy,UZ,40.4272,71.7189,50.72,40,40,2.3,scattered clouds
231,Conceicao Do Araguaia,BR,-8.2578,-49.2647,83.14,67,100,5.75,overcast clouds
232,Gladstone,AU,-23.85,151.25,75.13,83,40,11.5,scattered clouds
233,Norman Wells,CA,65.282,-126.8329,33.84,80,75,11.5,broken clouds
234,Yar-Sale,RU,66.8333,70.8333,28.56,85,100,7.92,overcast clouds
235,Pitkyaranta,RU,61.5734,31.4792,40.89,95,100,19.71,light rain
236,Conde,BR,-7.2597,-34.9075,85.46,66,75,10.36,broken clouds
237,Pangnirtung,CA,66.1451,-65.7125,28.4,74,75,3.44,broken clouds
238,Poum,NC,-20.2333,164.0167,74.37,75,0,5.12,clear sky
239,Mattru,SL,7.6244,-11.8332,82.53,80,93,5.26,moderate rain
240,Kavieng,PG,-2.5744,150.7967,80.87,77,100,11.65,light rain
241,Tokmak,UA,47.2514,35.7058,70.34,39,8,11.79,clear sky
242,Mecca,SA,21.4267,39.8261,97.75,25,4,16.98,clear sky
243,Kahului,US,20.8947,-156.47,76.84,80,1,3.44,clear sky
244,Khuzhir,RU,53.1939,107.3397,40.1,74,0,2.55,clear sky
245,Vegachi,CO,6.7614,-74.7947,68.61,96,100,0.83,overcast clouds
246,Coari,BR,-4.085,-63.1414,80.96,74,100,2.77,overcast clouds
247,Gat,IL,31.61,34.7642,79.48,41,53,15.3,broken clouds
248,Jalu,LY,29.0331,21.5482,83.7,25,0,4.79,clear sky
249,Ulladulla,AU,-35.35,150.4667,58.87,92,2,3.51,clear sky
250,Tripoli,LY,32.8752,13.1875,84.61,39,40,5.91,scattered clouds
251,Ponta Delgada,PT,37.7333,-25.6667,72.32,73,20,8.05,few clouds
252,Souillac,MU,-20.5167,57.5167,79.18,73,75,13.8,light rain
253,Port Elizabeth,ZA,-33.918,25.5701,74.1,60,20,17.27,few clouds
254,Yabrud,SY,33.9674,36.6574,71.26,34,2,3.94,clear sky
255,Rawah,IQ,34.4816,41.9093,82.33,15,0,8.48,clear sky
256,Zeya,RU,53.75,127.2667,34.25,86,46,2.3,scattered clouds
257,Tocopilla,CL,-22.092,-70.1979,64.62,60,0,8.57,clear sky
258,Salinopolis,BR,-0.6136,-47.3561,86.43,63,59,8.97,broken clouds
259,Henties Bay,NA,-22.116,14.2845,65.86,65,2,10.22,clear sky
260,Mujiayingzi,CN,42.1167,118.7833,41.04,39,0,2.91,clear sky
261,Svetlogorsk,BY,52.6333,29.7333,52.02,52,10,17.31,clear sky
262,Price,US,39.5994,-110.8107,38.41,93,1,3.44,clear sky
263,Mamallapuram,IN,12.6264,80.1722,86.05,72,45,7.38,scattered clouds
264,Batagay,RU,67.6333,134.6333,9.23,98,98,1.9,overcast clouds
265,Krasnoselkup,RU,65.7,82.4667,32.58,99,100,10.89,snow
266,Port Hedland,AU,-20.3167,118.5667,78.85,57,47,3.44,scattered clouds
267,Kloulklubed,PW,7.0419,134.2556,79.3,71,8,12.1,clear sky
268,Kamenka,RU,51.3223,42.7678,59.95,57,54,16.84,broken clouds
269,Gdov,RU,58.7406,27.8122,45.72,68,11,28.19,few clouds
270,Saurimo,AO,-9.6608,20.3916,81.32,53,100,0.67,overcast clouds
271,Faya,SA,18.3851,42.4509,77.11,17,2,12.68,clear sky
272,Beboto,TD,8.2668,16.939,88.07,51,41,5.35,scattered clouds
273,Sochi,RU,43.6,39.7303,66.29,57,0,0.89,clear sky
274,Namatanai,PG,-3.6667,152.4333,77.9,82,94,4.81,overcast clouds
275,Berlevag,NO,70.8578,29.0864,31.95,80,75,14.97,light shower snow
276,Praia Da Vitoria,PT,38.7333,-27.0667,72.75,82,88,12.82,overcast clouds
277,Ancud,CL,-41.8697,-73.8203,51.33,65,8,5.73,clear sky
278,Adrar,MR,20.5022,-10.0711,87.1,18,100,11.23,overcast clouds
279,Cayenne,GF,4.9333,-52.3333,87.84,79,20,1.99,few clouds
280,Pacific Grove,US,36.6177,-121.9166,61.57,90,90,1.99,light rain
281,Guangyuan,CN,32.442,105.823,55.8,89,100,2.77,overcast clouds
282,Haimen,CN,23.1935,116.6142,64.29,77,100,9.22,overcast clouds
283,Zhigalovo,RU,54.8097,105.1578,34.38,77,11,1.07,few clouds
284,Ballina,AU,-28.8667,153.5667,69.76,91,35,8.05,scattered clouds
285,Pochutla,MX,15.7432,-96.4661,77.83,91,100,4.03,overcast clouds
286,Bathsheba,BB,13.2167,-59.5167,86.61,66,40,24.16,scattered clouds
287,Vila Franca Do Campo,PT,37.7167,-25.4333,72.01,63,8,5.73,clear sky
288,Karratha,AU,-20.7377,116.8463,83.43,38,5,9.28,clear sky
289,Booue,GA,-0.0921,11.9385,79.34,89,100,0.76,light rain
290,Katsuura,JP,35.1333,140.3,54.19,92,100,23.82,overcast clouds
291,Saint-Paul,RE,-21.0096,55.2707,82.0,84,22,1.01,few clouds
292,Verkhnevilyuysk,RU,63.4453,120.3167,29.55,98,99,3.18,overcast clouds
293,Westport,US,41.1415,-73.3579,66.02,83,1,1.99,clear sky
294,Khromtau,KZ,50.2503,58.4347,47.25,50,100,24.38,overcast clouds
295,Salalah,OM,17.0151,54.0924,82.49,69,0,9.22,clear sky
296,Balikpapan,ID,-1.2675,116.8289,79.0,79,100,3.87,overcast clouds
297,Springdale,US,36.1867,-94.1288,46.81,96,1,0.0,clear sky
298,Sao Joao Da Barra,BR,-21.6403,-41.0511,75.29,77,100,0.45,overcast clouds
299,Mayumba,GA,-3.432,10.6554,80.35,80,70,11.43,broken clouds
300,Vitim,RU,59.4511,112.5578,35.82,83,67,7.99,broken clouds
301,Bradu,RO,44.7833,24.9,70.86,43,44,8.61,scattered clouds
302,Guerrero Negro,MX,27.9769,-114.0611,65.3,86,3,8.57,clear sky
303,Joshimath,IN,30.5667,79.5667,60.31,88,60,0.63,broken clouds
304,Lavrentiya,RU,65.5833,-171.0,23.59,83,100,11.61,overcast clouds
305,Leh,IN,34.1667,77.5833,42.76,33,99,12.03,overcast clouds
306,Raudeberg,NO,61.9875,5.1352,47.07,84,100,7.0,overcast clouds
307,Salvador,SV,13.8333,-88.9167,73.8,97,98,2.44,overcast clouds
308,Turayf,SA,31.6725,38.6637,82.65,30,0,13.8,clear sky
309,Strezhevoy,RU,60.7333,77.5889,31.98,95,100,16.44,light snow
310,Sola,VU,-13.8833,167.55,80.47,76,93,5.61,overcast clouds
311,Volnovakha,UA,47.601,37.4967,53.94,44,7,12.82,clear sky
312,Los Llanos De Aridane,ES,28.6585,-17.9182,70.12,74,75,8.99,broken clouds
313,Bethel,US,41.3712,-73.414,64.54,82,1,1.01,clear sky
314,Aklavik,CA,68.2191,-135.0107,27.43,90,94,3.38,overcast clouds
315,Sistranda,NO,63.7256,8.834,42.91,75,100,21.14,overcast clouds
316,Bredasdorp,ZA,-34.5322,20.0403,70.29,41,100,22.55,overcast clouds
317,Puerto Ayacucho,VE,5.6639,-67.6236,78.89,81,97,3.8,overcast clouds
318,Nassjo,SE,57.6531,14.6968,45.52,61,7,10.69,clear sky
319,Huaidian,CN,33.4333,115.0333,55.71,44,100,5.39,light rain
320,Koslan,RU,63.4564,48.8989,37.94,100,100,3.29,overcast clouds
321,Gloversville,US,43.0528,-74.3438,59.07,92,100,11.9,overcast clouds
322,Rincon,US,32.296,-81.2354,72.86,97,75,5.75,broken clouds
323,Kirakira,SB,-10.4544,161.9205,79.57,80,80,7.45,broken clouds
324,Khorixas,NA,-20.3667,14.9667,86.29,9,60,17.31,broken clouds
325,Praya,CV,14.9215,-23.5087,88.34,55,0,19.57,clear sky
326,Shahr-E Kord,IR,32.3256,50.8644,62.37,23,0,16.11,clear sky
327,Okha,RU,53.5739,142.9478,31.95,84,100,14.63,overcast clouds
328,Kodinsk,RU,58.6881,99.1844,37.69,76,100,4.45,overcast clouds
329,Casablanca,MA,33.5928,-7.6192,73.62,56,75,11.01,broken clouds
330,Grindavik,IS,63.8424,-22.4338,43.27,93,75,19.57,heavy intensity rain
331,Hami,CN,42.8,93.45,61.68,17,0,5.17,clear sky
332,Harper,LR,4.375,-7.7169,80.83,79,51,9.13,light rain
333,Surt,LY,31.2089,16.5887,83.75,37,100,14.07,overcast clouds
334,Sao Miguel Do Araguaia,BR,-13.275,-50.1628,78.76,76,100,7.74,moderate rain
335,Bulgan,MN,48.8125,103.5347,34.38,49,0,1.97,clear sky
336,Aden,YE,12.7794,45.0367,85.55,65,81,11.9,broken clouds
337,Ambulu,ID,-8.345,113.6058,78.42,86,97,3.56,overcast clouds
338,Edmond,US,35.6528,-97.4781,58.89,70,0,1.01,clear sky
339,Sri Aman,MY,1.2376,111.4621,75.25,94,100,0.0,overcast clouds
340,Tuatapere,NZ,-46.1333,167.6833,46.6,83,100,3.74,overcast clouds
341,Mayo,US,38.8876,-76.5119,64.38,67,1,3.0,clear sky
342,Port Augusta,AU,-32.5,137.7667,64.71,84,7,17.6,clear sky
343,Tefe,BR,-3.3542,-64.7114,78.91,94,75,9.22,broken clouds
344,Sorong,ID,-0.8833,131.25,79.16,85,89,5.08,overcast clouds
345,Ilebo,CD,-4.3167,20.5833,86.0,61,91,0.98,light rain
346,Birobidzhan,RU,48.8,132.95,35.62,63,14,5.32,few clouds
347,Baghdad,IQ,33.3406,44.4009,85.91,17,0,12.66,clear sky
348,Lompoc,US,34.6391,-120.4579,59.31,93,90,0.0,overcast clouds
349,San Lorenzo,PY,-25.3333,-57.5333,83.59,42,0,13.0,clear sky
350,Iraucuba,BR,-3.7461,-39.7833,91.42,41,84,6.26,broken clouds
351,Manati,PR,18.4275,-66.4921,87.62,81,18,10.67,few clouds
352,Ahipara,NZ,-35.1667,173.1667,59.74,94,100,18.1,overcast clouds
353,Sale,MA,34.0389,-6.8166,73.42,60,75,8.05,broken clouds
354,Elsterwerda,DE,51.45,13.5333,53.29,66,75,25.95,broken clouds
355,Bilibino,RU,68.0546,166.4372,-1.88,100,100,1.88,overcast clouds
356,Nesna,NO,66.1967,13.0213,38.12,52,100,11.54,overcast clouds
357,Nampula,MZ,-15.1165,39.2666,89.55,33,20,5.75,few clouds
358,Arona,ES,28.0996,-16.681,73.33,52,75,25.32,broken clouds
359,Qandala,SO,11.472,49.8728,83.71,48,12,7.11,few clouds
360,Ilulissat,GL,69.2167,-51.1,23.02,80,75,1.14,broken clouds
361,Tabuk,PH,17.4189,121.4443,74.89,91,93,4.45,overcast clouds
362,Awbari,LY,26.5921,12.7805,88.81,16,98,12.93,overcast clouds
363,Nerchinskiy Zavod,RU,51.3088,119.61,28.85,87,49,4.83,scattered clouds
364,Roald,NO,62.5833,6.1333,46.99,81,75,25.32,broken clouds
365,Vestmanna,FO,62.1564,-7.1664,40.12,70,40,5.75,scattered clouds
366,Sudislavl,RU,57.8817,41.7083,50.83,70,100,15.46,heavy intensity rain
367,Sitka,US,57.0531,-135.33,53.49,58,75,13.8,light rain
368,Rumoi,JP,43.9344,141.6428,43.02,88,100,0.36,overcast clouds
369,Mareeba,AU,-17.0,145.4333,75.92,93,86,4.47,overcast clouds
370,Gazojak,TM,41.1875,61.4036,50.27,28,15,3.89,few clouds
371,Calbuco,CL,-41.768,-73.1273,51.01,81,60,13.91,light rain
372,Lakselv,NO,70.0513,24.9718,31.82,64,75,5.75,broken clouds
373,Sarkand,KZ,45.41,79.9186,37.36,81,100,1.81,overcast clouds
374,Hamilton,US,39.1834,-84.5333,53.37,88,90,1.01,mist
375,Bellavista,PE,-7.0561,-76.5911,79.88,89,20,0.0,few clouds
376,Kavaratti,IN,10.5669,72.642,82.49,74,49,2.35,scattered clouds
377,Nome,US,64.5011,-165.4064,32.07,69,20,12.66,few clouds
378,Ayan,RU,56.45,138.1667,38.79,67,100,10.51,overcast clouds
379,Tommot,RU,58.9564,126.2925,37.26,89,100,9.19,overcast clouds
380,Buchanan,LR,5.8808,-10.0467,87.76,77,100,9.55,light rain
381,Bonthe,SL,7.5264,-12.505,82.72,75,100,9.28,light rain
382,Iqaluit,CA,63.7506,-68.5145,26.33,79,75,18.01,broken clouds
383,Klyuchi,RU,52.2667,79.1667,39.65,47,12,11.68,few clouds
384,Namikupa,TZ,-10.8333,39.6,88.11,38,98,2.44,overcast clouds
385,Hagdan,PH,11.3333,123.9,79.9,83,100,11.01,light rain
386,Sabang,ID,5.8933,95.3214,81.12,75,100,6.98,overcast clouds
387,San Cristobal,VE,7.7669,-72.225,73.58,78,51,4.12,broken clouds
388,Comodoro Rivadavia,AR,-45.8667,-67.5,60.66,29,0,16.11,clear sky
389,Quatre Cocos,MU,-20.2078,57.7625,78.91,70,71,9.19,broken clouds
390,Laguna,US,38.421,-121.4238,64.24,93,90,1.01,moderate rain
391,Kapasan,ID,-6.7773,111.3789,80.2,80,100,3.06,overcast clouds
392,Muswellbrook,AU,-32.2667,150.9,58.33,97,1,1.88,clear sky
393,Benghazi,LY,32.1167,20.0667,76.59,47,23,7.58,few clouds
394,Karachi,PK,24.9056,67.0822,82.22,65,75,18.41,broken clouds
395,Katobu,ID,-4.9408,122.5276,78.04,87,13,2.55,few clouds
396,Chongwe,ZM,-15.3292,28.682,90.9,25,91,3.0,overcast clouds
397,Adilcevaz,TR,38.8039,42.7342,56.91,30,0,0.51,clear sky
398,Srednekolymsk,RU,67.45,153.6833,-9.45,98,29,4.63,scattered clouds
399,Vao,NC,-22.6667,167.4833,72.68,81,0,2.93,clear sky
400,Kupang,ID,-10.1667,123.5833,80.53,83,80,5.19,broken clouds
401,Half Moon Bay,US,37.4636,-122.4286,61.99,93,90,1.99,mist
402,Jaruco,CU,23.0431,-82.0108,76.33,89,100,5.46,overcast clouds
403,Setermoen,NO,68.861,18.3486,34.43,56,100,4.0,overcast clouds
404,Abalak,RU,58.1286,68.5944,34.65,89,100,9.89,overcast clouds
405,Kigoma,TZ,-4.8769,29.6267,79.75,60,88,7.18,overcast clouds
406,Burnie,AU,-41.0667,145.9167,57.94,93,100,2.75,light rain
407,Dymer,UA,50.7865,30.3026,62.74,41,12,18.43,few clouds
408,Nhulunbuy,AU,-12.2333,136.7667,83.01,83,9,6.91,clear sky
409,Constantine,DZ,36.365,6.6147,78.21,20,0,4.61,clear sky
410,Cherskiy,RU,68.75,161.3,-3.82,100,100,3.2,overcast clouds
411,Sicamous,CA,50.8331,-118.9856,51.12,97,100,1.52,light rain
412,Mount Isa,AU,-20.7333,139.5,85.77,28,18,4.61,few clouds
413,Maceio,BR,-9.6658,-35.7353,89.04,66,75,11.5,broken clouds
414,Chapais,CA,49.7834,-74.8492,33.58,90,96,10.71,overcast clouds
415,New Richmond,US,45.123,-92.5366,36.41,93,1,0.0,clear sky
416,Shu,KZ,43.5983,73.7614,44.13,57,99,3.56,overcast clouds
417,Beloha,MG,-25.1667,45.05,74.77,52,25,14.65,scattered clouds
418,Verkhnedneprovskiy,RU,54.9813,33.3457,47.28,61,9,19.06,clear sky
419,Tautira,PF,-17.7333,-149.15,78.82,84,18,16.15,light rain
420,Arroyo,ES,41.6096,-4.7969,61.72,59,75,11.5,broken clouds
421,Kharabali,RU,47.4196,47.2568,61.99,28,7,13.11,clear sky
422,Gryfino,PL,53.2524,14.4883,47.52,81,100,27.13,moderate rain
423,Hammerfest,NO,70.6634,23.6821,33.53,74,75,6.91,light snow
424,Guasdualito,VE,7.2424,-70.7324,76.73,86,14,4.23,few clouds
425,Santa Rosa,PH,14.3122,121.1114,84.18,76,55,7.31,broken clouds
426,Cabinda,AO,-5.55,12.2,81.82,72,89,10.63,overcast clouds
427,Srandakan,ID,-7.9386,110.2506,63.73,86,100,7.27,overcast clouds
428,Tigre,AR,-34.426,-58.5796,75.2,51,0,5.75,clear sky
429,Mezen,RU,65.8522,44.24,30.45,89,100,10.36,overcast clouds
430,Abu Dhabi,AE,24.4667,54.3667,91.42,49,0,12.66,clear sky
431,Hofn,IS,64.2539,-15.2082,37.42,70,90,11.5,overcast clouds
432,Puerto Del Rosario,ES,28.5004,-13.8627,78.48,60,75,12.66,broken clouds
433,Ihosy,MG,-22.4,46.1167,85.69,21,73,7.94,broken clouds
434,Palauig,PH,15.435,119.9045,80.96,81,97,3.38,light rain
435,Sambava,MG,-14.2667,50.1667,78.19,81,100,5.37,overcast clouds
436,Coquimbo,CL,-29.9533,-71.3436,58.73,77,0,4.61,clear sky
437,Naliya,IN,23.2667,68.8333,80.01,61,10,14.45,clear sky
438,Zhanaozen,KZ,43.3,52.8,59.76,58,8,17.11,clear sky
439,Grand-Santi,GF,4.25,-54.3833,86.95,57,54,4.25,broken clouds
440,Irugur,IN,11.0167,77.0667,86.23,62,20,3.44,few clouds
441,Cabedelo,BR,-6.9811,-34.8339,86.67,65,98,10.8,overcast clouds
442,Dali,CN,25.7,100.1833,53.2,95,100,4.12,overcast clouds
443,Redondo,PT,38.6487,-7.5471,74.82,34,0,9.8,clear sky
444,Fort Nelson,CA,58.8053,-122.7002,40.59,75,75,4.61,broken clouds
445,Muli,MV,2.9167,73.5667,82.65,68,13,8.72,few clouds
446,Alugan,PH,12.2188,125.4808,80.31,84,100,9.69,overcast clouds
447,Santa Rosalia,MX,27.3167,-112.2833,72.28,54,1,3.87,clear sky
448,Balaipungut,ID,1.05,101.2833,79.21,95,99,2.24,overcast clouds
449,Avera,US,33.194,-82.5271,68.72,91,80,8.03,broken clouds
450,San Francisco,US,37.7749,-122.4194,61.86,92,90,3.0,mist
451,Moramanga,MG,-18.9333,48.2,73.38,73,67,8.61,light rain
452,Grand Gaube,MU,-20.0064,57.6608,79.2,74,67,4.0,broken clouds
453,Njombe,TZ,-9.3333,34.7667,70.36,46,99,5.12,overcast clouds
454,Bani,DO,18.2833,-70.3333,82.85,79,22,6.78,few clouds
455,Gazanjyk,TM,39.2446,55.5154,61.38,21,0,14.36,clear sky
456,Piacabucu,BR,-10.4056,-36.4344,85.28,63,74,10.45,broken clouds
457,Marsa Matruh,EG,31.3525,27.2453,72.0,51,0,9.15,clear sky
458,Pangoa,PE,-12.1167,-73.0,80.69,58,57,1.66,broken clouds
459,Romny,UA,50.751,33.4747,59.04,47,1,15.86,clear sky
460,Mount Gambier,AU,-37.8333,140.7667,49.91,93,90,6.91,overcast clouds
461,Sheltozero,RU,61.3667,35.3667,44.42,71,100,18.45,overcast clouds
462,Mirnyy,RU,62.5353,113.9611,34.36,84,100,8.63,overcast clouds
463,Bontang,ID,0.1333,117.5,79.12,85,100,5.35,overcast clouds
464,Elizabeth City,US,36.2946,-76.2511,71.01,82,75,5.99,broken clouds
465,Douglas,US,41.3,-96.167,36.07,95,1,0.0,mist
466,Dumka,IN,24.2667,87.25,76.64,63,43,3.31,scattered clouds
467,Kutum,SD,14.2,24.6667,89.02,15,69,14.81,broken clouds
468,Marawi,PH,7.9986,124.2928,70.65,95,100,2.98,moderate rain
469,Namibe,AO,-15.1961,12.1522,76.24,53,3,17.18,clear sky
470,Gadsden,US,34.0143,-86.0066,59.0,99,4,0.0,mist
471,Staryy Nadym,RU,65.6118,72.6842,29.64,97,100,6.22,light snow
472,Akyab,MM,20.15,92.9,80.78,72,86,5.5,overcast clouds
473,Aparecida Do Taboado,BR,-20.0867,-51.0936,80.19,40,0,6.64,clear sky
474,Maniitsoq,GL,65.4167,-52.9,29.34,54,0,11.18,clear sky
475,Plettenberg Bay,ZA,-34.0527,23.3716,65.73,76,89,3.47,overcast clouds
476,Isiro,CD,2.7739,27.616,78.66,66,100,1.99,overcast clouds
477,Cozumel,MX,20.5083,-86.9458,82.99,89,75,0.0,broken clouds
478,Bichena,ET,10.45,38.2,64.53,40,100,2.8,overcast clouds
479,Tazovskiy,RU,67.4667,78.7,27.19,92,100,10.67,overcast clouds
480,Tessalit,ML,20.1986,1.0114,95.81,14,3,6.2,clear sky
481,Dubbo,AU,-32.25,148.6167,59.13,82,0,5.75,clear sky
482,Phan Thiet,VN,10.9333,108.1,79.09,86,46,8.48,scattered clouds
483,Carballo,ES,43.213,-8.691,64.54,72,13,8.61,few clouds
484,Greymouth,NZ,-42.4667,171.2,51.71,86,100,4.65,overcast clouds
485,Moses Lake,US,47.1301,-119.2781,53.96,87,90,4.61,moderate rain
486,Kudahuvadhoo,MV,2.6708,72.8944,82.8,68,17,9.48,few clouds
487,Nemuro,JP,43.3236,145.575,49.59,70,94,14.94,overcast clouds
488,Saint-Pierre,RE,-21.3393,55.4781,81.57,73,75,13.8,light rain
489,Cranbrook,CA,49.4999,-115.7688,38.84,93,75,2.3,broken clouds
490,Tombouctou,ML,20.0,-3.0,90.82,15,0,3.58,clear sky
491,Port Lincoln,AU,-34.7333,135.8667,55.74,80,4,10.58,clear sky
492,Pisco,PE,-13.7,-76.2167,62.02,82,75,1.14,mist
493,Pierre,US,44.3683,-100.351,41.86,84,75,1.99,broken clouds
494,Teknaf,BD,20.8624,92.3058,78.89,77,25,4.72,scattered clouds
495,Fort Madison,US,40.6298,-91.3151,44.44,100,4,0.0,clear sky
496,Porto Walter,BR,-8.2686,-72.7439,83.95,62,21,4.47,few clouds
497,Tura,IN,25.5198,90.2201,67.28,75,0,2.84,clear sky
498,Kerepehi,NZ,-37.3,175.5333,57.34,70,100,10.98,light rain
499,Banda Aceh,ID,5.5577,95.3222,79.14,84,100,8.41,light rain
500,Sisimiut,GL,66.9395,-53.6735,23.81,81,10,10.98,clear sky
501,Ejido,VE,8.5514,-71.2375,73.51,73,41,2.95,scattered clouds
502,Murgab,TM,37.4966,61.9714,57.07,54,0,6.91,clear sky
503,Kerema,PG,-7.9631,145.7785,80.2,85,100,5.82,overcast clouds
504,Jaisalmer,IN,26.9147,70.9181,87.3,34,0,13.11,clear sky
505,Caceres,ES,39.522,-6.3748,69.8,33,0,6.87,clear sky
506,Vigrestad,NO,58.5667,5.7,48.58,73,86,36.82,light rain
507,Porbandar,IN,21.6422,69.6093,80.73,60,5,11.61,clear sky
508,Alice Springs,AU,-23.7,133.8833,85.55,19,0,11.5,clear sky
509,Agadir,MA,30.4202,-9.5982,79.25,61,8,8.19,clear sky
510,Belmonte,BR,-15.8631,-38.8828,81.1,82,100,8.77,overcast clouds
511,Gamba,GA,-2.65,10.0,80.69,76,94,10.69,overcast clouds
512,Porto Novo,BJ,6.4965,2.6036,87.62,56,93,8.75,light rain
513,Caravelas,BR,-17.7125,-39.2481,75.13,86,99,6.4,overcast clouds
514,Kawalu,ID,-7.3817,108.2082,73.63,97,100,1.57,overcast clouds
515,Chiredzi,ZW,-21.05,31.6667,97.32,20,94,4.12,overcast clouds
516,Ginda,IN,30.6945,78.4932,56.48,77,0,3.91,clear sky
517,Qaqortoq,GL,60.7167,-46.0333,34.3,94,100,9.17,light rain
518,Medina Del Campo,ES,41.3124,-4.9141,61.54,43,15,15.48,few clouds
519,Venado Tuerto,AR,-33.7456,-61.9688,64.78,50,100,5.12,overcast clouds
520,Trairi,BR,-3.2778,-39.2689,89.53,51,100,12.24,overcast clouds
521,Daru,PG,-9.0763,143.2092,80.2,77,100,12.3,overcast clouds
522,Lysyye Gory,RU,51.5506,44.8414,54.36,54,13,18.12,few clouds
523,Saint-Joseph,RE,-21.3667,55.6167,80.47,77,62,3.13,light rain
524,Trinidad,BO,-14.8333,-64.9,87.78,66,63,18.41,broken clouds
525,Suileng,CN,47.25,127.0833,40.06,62,0,7.02,clear sky
526,Rio Gallegos,AR,-51.6226,-69.2181,44.65,45,0,13.8,clear sky
527,Kolyubakino,RU,55.668,36.5323,48.04,65,6,15.82,clear sky
528,Aguimes,ES,27.9054,-15.4461,75.67,57,40,24.16,scattered clouds
529,Kitimat,CA,54.0524,-128.6534,48.58,30,99,3.0,moderate rain
530,Necochea,AR,-38.5473,-58.7368,55.04,81,100,10.45,light rain
531,Hobyo,SO,5.3505,48.5268,81.84,70,35,14.74,scattered clouds
532,Jining,CN,35.405,116.5814,53.22,54,100,4.5,light rain
533,Villamontes,BO,-21.25,-63.5,85.44,48,0,5.75,clear sky
534,Ginir,ET,7.1333,40.7,74.34,26,100,11.72,overcast clouds
535,Hovd,MN,48.0056,91.6419,38.23,42,9,0.13,clear sky
536,Provost,CA,52.3501,-110.2683,27.05,68,9,8.99,clear sky
537,Campbellford,CA,44.3084,-77.7995,46.09,78,72,1.99,broken clouds
538,Aberdeen,GB,57.1437,-2.0981,48.69,56,20,13.8,few clouds
539,Kachiry,KZ,53.0675,76.1036,41.67,40,100,18.68,overcast clouds
540,Bengkulu,ID,-3.8004,102.2655,78.55,82,100,1.74,overcast clouds
541,Obidos,BR,-1.9175,-55.5181,85.64,62,100,2.28,moderate rain
542,Bassila,BJ,9.0081,1.6654,90.57,48,21,4.36,few clouds
543,West Richland,US,46.3043,-119.3614,55.31,93,90,8.99,moderate rain
544,Cartagena,CO,10.3997,-75.5144,82.02,83,75,10.36,broken clouds
545,Broome,US,42.2506,-75.833,55.0,78,90,3.0,overcast clouds
546,Bonfim,BR,3.0833,-59.95,80.06,76,100,2.06,overcast clouds
547,Wajima,JP,37.4,136.9,57.72,58,100,18.05,light rain
548,Zimbor,RO,47.0,23.2667,64.51,47,100,12.97,overcast clouds
549,Keffi,NG,8.8486,7.8736,88.18,59,80,2.55,broken clouds
550,Arawa,PG,-6.2132,155.5367,75.83,90,100,2.24,overcast clouds
551,Finnsnes,NO,69.2296,17.9811,34.75,54,100,9.6,overcast clouds
552,Odweyne,SO,9.4092,45.064,85.42,23,14,14.05,few clouds
553,Ust-Kuyga,RU,70.0167,135.6,1.0,97,97,4.5,overcast clouds
554,Swadlincote,GB,52.774,-1.5574,58.08,79,76,15.97,broken clouds
555,Boa Vista,BR,2.8197,-60.6733,76.98,88,90,2.3,overcast clouds
556,Nador,MA,35.174,-2.9287,78.87,64,20,11.5,few clouds
557,Sobolevo,RU,54.4299,31.8996,48.67,60,8,17.94,clear sky
558,Bumba,CD,2.1833,22.4667,83.12,64,100,2.39,overcast clouds
559,Sioux Lookout,CA,50.1001,-91.917,34.18,93,75,3.44,light intensity shower rain
560,Doha,QA,25.2867,51.5333,89.91,35,0,17.27,clear sky
561,Campo Grande,BR,-20.4428,-54.6464,81.95,42,0,13.8,clear sky
562,Puerto Cabezas,NI,14.0351,-83.3888,76.96,100,40,4.61,scattered clouds
563,Kyra,RU,49.5776,111.9753,33.64,60,0,2.84,clear sky
564,San Juan,AR,-31.5375,-68.5364,71.19,34,0,21.61,clear sky
565,Port Hardy,CA,50.6996,-127.4199,51.98,76,75,16.11,broken clouds
566,Muros,ES,42.7762,-9.0603,65.08,65,0,6.26,clear sky
567,Alofi,NU,-19.0595,-169.9187,66.09,88,100,3.44,overcast clouds
568,Lahijan,IR,37.2061,50.0029,67.69,72,1,8.19,clear sky
569,Vestmannaeyjar,IS,63.4427,-20.2734,43.79,87,90,20.71,moderate rain
570,Portales,US,34.1862,-103.3344,59.32,88,1,5.28,clear sky
571,Paragominas,BR,-2.9667,-47.4833,86.95,53,100,4.0,overcast clouds
572,Bandarbeyla,SO,9.4942,50.8122,81.45,64,9,12.15,clear sky
573,Angoche,MZ,-16.2325,39.9086,79.32,55,99,12.08,overcast clouds
574,Quelimane,MZ,-17.8786,36.8883,82.45,47,8,12.12,clear sky
575,Nabire,ID,-3.3667,135.4833,74.86,91,100,3.06,overcast clouds
576,Voh,NC,-20.9667,164.7,68.86,92,1,1.74,clear sky
577,Kang,BW,-23.6752,22.7876,89.78,12,0,12.44,clear sky
578,Tambura,SS,5.6,27.4667,81.95,63,100,5.93,light rain
579,Tsaratanana,MG,-16.7833,47.65,94.62,23,0,6.69,clear sky
580,Byron Bay,AU,-28.65,153.6167,73.06,93,74,11.43,broken clouds
581,Bereda,ES,43.2686,-7.5406,61.0,87,38,6.13,scattered clouds
582,Mabaruma,GY,8.2,-59.7833,77.29,96,99,4.5,overcast clouds
583,Vostok,RU,46.4856,135.8833,26.73,87,100,3.15,overcast clouds
584,Pak Chong,TH,14.708,101.4161,78.82,94,99,4.97,light rain
585,Rawson,AR,-43.3002,-65.1023,56.73,30,1,0.96,clear sky
586,Nokha,IN,27.6,73.4167,83.34,30,0,12.03,clear sky
587,Rantauprapat,ID,2.1,99.8333,76.03,96,100,0.94,overcast clouds
588,Sulphur Springs,US,33.1385,-95.6011,58.98,87,1,0.0,clear sky
589,Iquitos,PE,-3.7481,-73.2472,84.24,74,40,3.44,scattered clouds
590,Pirovskoye,RU,57.6267,92.2658,48.51,63,100,12.46,overcast clouds
591,Minsk,BY,53.9,27.5667,47.73,63,87,18.86,overcast clouds
592,Pozo Colorado,PY,-23.4923,-58.7972,78.44,53,100,7.45,overcast clouds
593,Qazax,AZ,41.0933,45.3661,61.93,47,0,1.99,clear sky
594,Maryville,US,35.7565,-83.9705,57.67,96,75,1.01,broken clouds
595,Balestrand,NO,61.2076,6.5334,44.17,87,100,8.99,overcast clouds
596,Keningau,MY,5.3378,116.1602,73.85,98,100,1.92,moderate rain
597,Margate,GB,51.3813,1.3862,58.1,61,100,5.01,overcast clouds
598,Zimovniki,RU,47.1483,42.4633,66.94,29,0,14.79,clear sky
599,Zahir Pir,PK,28.8124,70.524,88.66,27,0,11.39,clear sky
600,Atasu,KZ,48.6814,71.6433,37.65,52,100,21.05,overcast clouds
601,Shelburne,CA,44.0787,-80.2041,37.85,93,100,11.27,overcast clouds
602,Kemijarvi,FI,66.7131,27.4306,29.93,76,100,16.87,overcast clouds
603,Camana,PE,-16.6228,-72.7111,64.38,72,51,7.81,broken clouds
604,Namtsy,RU,62.7161,129.6658,32.11,86,92,11.34,overcast clouds
605,Springbok,ZA,-29.6643,17.8865,65.89,33,16,23.6,few clouds
606,Pitimbu,BR,-7.4706,-34.8086,86.59,66,100,10.96,overcast clouds
607,Candido Mendes,BR,-1.4467,-45.7167,87.96,59,100,6.31,overcast clouds
608,Pangkalanbuun,ID,-2.6833,111.6167,73.8,97,100,1.92,moderate rain
609,Aldan,RU,58.6031,125.3894,33.26,92,99,9.42,overcast clouds
610,Wamba,NG,8.9333,8.6,88.32,54,52,3.87,light rain
611,Ferrol,ES,43.4832,-8.2369,65.35,68,6,14.38,clear sky
612,Curico,CL,-34.9833,-71.2333,53.74,81,90,10.36,haze
613,Waddan,LY,29.1614,16.139,88.07,19,100,8.46,overcast clouds
614,Kiama,AU,-34.6833,150.8667,64.58,85,6,7.0,clear sky
615,Kushiro,JP,42.975,144.3747,42.49,93,39,6.42,scattered clouds
616,Luganville,VU,-15.5333,167.1667,77.56,89,31,2.06,scattered clouds
617,Tomigusuku,JP,26.185,127.675,73.17,57,75,17.27,broken clouds
618,Tubuala,PA,9.5167,-79.0333,80.33,83,97,4.65,overcast clouds
619,Halifax,CA,44.6453,-63.5724,64.53,95,90,3.0,overcast clouds
620,Mae Sai,TH,20.4335,99.8762,74.52,99,99,0.56,overcast clouds
621,Misasi,TZ,-3.0,33.0833,86.76,34,100,1.9,overcast clouds
622,Kontagora,NG,10.3999,5.4695,91.71,45,100,4.09,overcast clouds
623,Llandrindod Wells,GB,52.2416,-3.3787,54.61,82,100,14.43,overcast clouds
624,Puerto Baquerizo Moreno,EC,-0.9,-89.6,69.46,86,100,10.58,overcast clouds
625,Chifeng,CN,42.2683,118.9636,41.72,39,0,1.97,clear sky
626,Yiyang,CN,28.5892,112.3283,56.91,79,98,2.3,light rain
627,Dalby,AU,-27.1833,151.2667,70.99,77,0,1.01,light rain
628,Nicoya,CR,10.1483,-85.452,71.15,91,25,1.01,scattered clouds
629,Camacupa,AO,-12.0167,17.4833,79.66,48,99,6.13,overcast clouds
630,Uruzgan,AF,32.8333,66.0,59.05,17,0,3.56,clear sky
631,Batagay-Alyta,RU,67.8006,130.4114,7.2,96,95,2.42,overcast clouds
632,Gurmatkal,IN,16.8667,77.4,75.15,55,87,6.49,overcast clouds
633,Churapcha,RU,62.0025,132.4325,28.08,86,100,10.89,overcast clouds
634,Vilyuysk,RU,63.7553,121.6247,26.83,98,100,2.3,overcast clouds
635,Te Anau,NZ,-45.4167,167.7167,45.48,93,100,0.6,overcast clouds
636,Grootfontein,NA,-19.5667,18.1167,89.17,15,0,9.22,clear sky
637,Bonwapitse,BW,-23.0766,26.7037,88.27,23,97,10.02,overcast clouds
638,New Baltimore,US,42.6811,-82.7369,43.23,89,75,8.05,broken clouds
639,Tomakivka,UA,47.8157,34.7414,69.15,37,83,10.13,broken clouds
640,Pimentel,PE,-6.8367,-79.9342,61.09,88,90,10.36,overcast clouds
641,Anadyr,RU,64.75,177.4833,18.1,92,40,11.01,light snow
642,Yeppoon,AU,-23.1333,150.7333,74.98,82,100,13.98,overcast clouds
643,Lyngseidet,NO,69.5763,20.2189,33.89,66,100,5.46,overcast clouds
644,Novosergiyevka,RU,52.0934,53.6528,53.55,51,100,21.36,overcast clouds
645,Magaria,NE,12.9983,8.9099,95.94,26,49,5.91,scattered clouds
646,Altar,MX,30.7,-111.8167,64.65,43,35,1.14,scattered clouds
647,Bedele,ET,8.456,36.353,70.05,53,96,4.21,overcast clouds
648,Scarborough,GB,54.2797,-0.4044,53.42,81,100,1.01,light rain
649,Ornskoldsvik,SE,63.2909,18.7153,35.42,93,90,13.8,light snow
650,Havre-Saint-Pierre,CA,50.2334,-63.5986,46.99,81,90,13.8,overcast clouds
651,Svetlyy,RU,54.675,20.1347,48.25,77,100,29.06,overcast clouds
652,Kathmandu,NP,27.7167,85.3167,68.22,88,75,4.61,broken clouds
653,Opuwo,NA,-18.0607,13.84,91.27,11,44,20.47,scattered clouds
654,Neutraubling,DE,48.9833,12.2,53.49,47,4,13.24,clear sky
655,Camacha,PT,33.0833,-16.3333,71.02,60,40,14.97,scattered clouds
656,Saint-Francois,FR,46.4154,3.9054,59.47,66,0,4.61,clear sky
657,Sergach,RU,55.5308,45.4661,53.85,71,97,19.37,overcast clouds
658,Truro,GB,50.2653,-5.0544,55.96,62,75,11.5,broken clouds
659,Karpogory,RU,64.0019,44.4451,36.93,99,100,5.73,moderate rain
660,Xingyi,CN,24.1877,102.817,46.38,96,100,3.33,overcast clouds
661,Enid,US,36.3956,-97.8784,54.3,83,20,5.75,few clouds
662,Kidal,ML,18.4411,1.4078,99.14,13,0,5.48,clear sky
663,Port Hueneme,US,34.1478,-119.1951,60.69,92,90,5.75,mist
664,Las Tunas,CU,20.9617,-76.9511,80.73,84,11,4.18,few clouds
665,Kroya,ID,-7.6331,109.2461,78.15,88,100,5.84,light rain
666,Labuhan,ID,-6.8844,112.2051,83.28,75,42,4.85,scattered clouds
667,Fairbanks,US,64.8378,-147.7164,25.61,89,1,0.0,clear sky
668,Sayyan,YE,15.1718,44.3244,67.51,23,29,19.73,scattered clouds
669,Chippenham,GB,51.46,-2.1247,57.61,77,98,13.11,overcast clouds
670,Okakarara,NA,-20.5833,17.4333,87.26,13,1,14.79,clear sky
671,Morgan City,US,29.6994,-91.2068,73.0,93,0,3.49,clear sky
672,Kijang,KR,35.2442,129.2139,51.53,74,2,9.86,clear sky
673,Axim,GH,4.8699,-2.2405,81.93,74,99,9.44,light rain
674,Kalach-Na-Donu,RU,48.691,43.5264,63.05,43,8,17.94,clear sky
675,Abay,KZ,49.6311,72.8539,35.98,46,99,23.33,light rain
676,Cantaura,VE,9.3057,-64.3584,81.64,66,86,11.86,overcast clouds
677,Yining,CN,29.0361,114.5636,52.41,79,100,2.28,overcast clouds
678,High Rock,BS,26.6208,-78.2833,77.02,76,100,9.98,overcast clouds
679,Dudinka,RU,69.4058,86.1778,13.66,94,87,6.29,overcast clouds
680,Ngunguru,NZ,-35.6167,174.5,60.17,84,100,25.01,light rain
681,Ketchikan,US,55.3422,-131.6461,49.15,86,100,28.52,heavy intensity rain
682,Wawa,NG,9.9022,4.4192,91.81,46,92,4.29,overcast clouds
683,Olinda,BR,-8.0089,-34.8553,85.73,66,40,9.22,scattered clouds
684,Northfield,US,44.4583,-93.1616,36.63,95,90,0.0,overcast clouds
685,Trapani,IT,37.8333,12.6667,77.52,78,40,14.97,scattered clouds
686,Loum,CM,4.7182,9.7351,73.51,97,100,3.27,light rain
687,Funtua,NG,11.5233,7.3081,91.47,32,98,7.34,overcast clouds
688,Soyo,AO,-6.1349,12.3689,81.07,73,99,10.47,overcast clouds
689,Bac Lieu,VN,9.285,105.7244,80.6,81,87,7.52,overcast clouds
690,Myrtle Beach,US,33.6891,-78.8867,77.09,82,40,10.36,scattered clouds
691,Gao,ML,16.6362,1.637,100.47,13,10,2.64,clear sky
692,Tupelo,US,34.2576,-88.7034,52.09,86,1,4.0,clear sky
693,Venkatagiri,IN,13.9667,79.5833,88.27,71,87,4.61,light rain
694,Aquiraz,BR,-3.9014,-38.3911,89.22,58,87,9.48,overcast clouds
695,Wanlaweyn,SO,2.6185,44.8938,86.22,53,96,13.65,light rain
696,Vilhena,BR,-12.7406,-60.1458,80.82,78,0,10.36,clear sky
697,Mosquera,CO,4.7059,-74.2302,55.49,94,75,2.3,fog
698,Panacan,PH,9.2463,118.4082,80.6,83,100,3.76,moderate rain
699,General Pico,AR,-35.6566,-63.7568,61.81,77,100,11.23,overcast clouds
700,Lagos,NG,6.5833,3.75,79.12,69,100,4.25,moderate rain
701,Suda,RU,59.1525,37.5582,50.11,67,41,14.74,scattered clouds
702,Straseni,MD,47.1414,28.6103,73.42,37,15,11.65,few clouds
703,Aksarka,RU,66.5606,67.7975,29.39,87,100,10.58,overcast clouds
704,Neuquen,AR,-38.9516,-68.0591,58.89,44,0,8.05,clear sky
